Image Date,Image Filename,Frequency (Hz),Duty Cycle (%),Set Current (mA),Discharge Height (mm),Area (mm^2),Area Margin (mm^2)
2026-09-15,9kHz_10%_6.8mA.jpg,9000.0,10.0,6.8,1.539,0.1774,0.0032
2026-09-15,7kHz_10%_6.9mA.jpg,7000.0,10.0,6.9,1.511,0.3134,0.0142
2026-09-15,7kHz_10%_6.9mA.jpg,7000.0,10.0,6.9,1.527,0.1133,0.0146
2026-09-15,7kHz_10%_6.9mA.jpg,7000.0,10.0,6.9,1.578,0.2217,0.0111
2026-09-15,7kHz_2.5%_5mA.jpg,7000.0,2.5,5.0,1.592,0.5024,0.0127
2026-09-15,7kHz_5%_6.6mA.jpg,7000.0,5.0,6.6,1.56,1.3043,0.4855
2026-09-15,7kHz_5%_6.6mA.jpg,7000.0,5.0,6.6,1.587,0.597,0.0318
2026-09-15,7kHz_7.5%_6.6mA.jpg,7000.0,7.5,6.6,1.581,2.0503,0.7577
2026-09-15,8kHz_10%_7.5mA.jpg,8000.0,10.0,7.5,1.639,0.2862,0.0115
2026-09-15,8kHz_2.5%_7mA.jpg,8000.0,2.5,7.0,1.559,1.3273,0.1634
2026-09-15,7kHz_10%_6.9mA.jpg,7000.0,10.0,6.9,1.571,0.2078,0.01
2026-09-15,7kHz_10%_6.9mA.jpg,7000.0,10.0,6.9,1.578,0.2777,0.011
2026-09-15,7kHz_2.5%_5mA.jpg,7000.0,2.5,5.0,1.578,0.6535,0.0298
2026-09-15,7kHz_5%_6.6mA.jpg,7000.0,5.0,6.6,1.555,1.7972,0.901
2026-09-15,7kHz_10%_6.9mA.jpg,7000.0,10.0,6.9,1.536,0.3202,0.0168
2026-09-15,7kHz_10%_6.9mA.jpg,7000.0,10.0,6.9,1.52,0.2022,0.0095
2026-09-15,7kHz_2.5%_5mA.jpg,7000.0,2.5,5.0,1.693,0.6261,0.0155
2026-09-15,7kHz_5%_6.6mA.jpg,7000.0,5.0,6.6,1.629,0.4936,0.0433
2026-09-15,7kHz_7.5%_6.6mA.jpg,7000.0,7.5,6.6,1.62,0.6305,0.0547
2026-09-15,8kHz_10%_7.5mA.jpg,8000.0,10.0,7.5,1.609,0.3571,0.0145
2026-09-15,8kHz_2.5%_7mA.jpg,8000.0,2.5,7.0,1.594,0.9438,0.0457
2026-09-15,8kHz_5%_6.9mA.jpg,8000.0,5.0,6.9,1.576,0.6931,0.0677
2026-09-15,8kHz_7.5%_7.1mA.jpg,8000.0,7.5,7.1,1.592,0.3911,0.0161
2026-09-15,9.5kHz_10%_8.5mA.jpg,9500.0,10.0,8.5,1.585,0.3683,0.0057
2026-09-15,9.5kHz_2.5%_8.7mA.jpg,9500.0,2.5,8.7,1.569,0.6263,0.0456
2026-09-15,9.5kHz_2.5%_8.7mA.jpg,9500.0,2.5,8.7,1.604,1.4375,0.4838
2026-09-15,9.5kHz_5%_9mA.jpg,9500.0,5.0,9.0,1.639,0.6666,0.0602
2026-09-15,9.5kHz_7.5%_9.4mA.jpg,9500.0,7.5,9.4,1.543,0.4957,0.0128
2026-09-15,9kHz_10%_6.8mA.jpg,9000.0,10.0,6.8,1.629,0.2675,0.0069
2026-09-15,9kHz_2.5%_8.4mA.jpg,9000.0,2.5,8.4,1.632,1.7618,0.2453
2026-09-15,9kHz_5%_8.3mA.jpg,9000.0,5.0,8.3,1.604,1.4132,0.0954
2026-09-15,9kHz_7.5%_7.8mA.jpg,9000.0,7.5,7.8,1.532,0.5,0.0271
